﻿{"cameraMode":{"drawMode":0,"name":"Shaded","section":"Shading Mode"},"sceneLighting":false,"audioPlay":false,"sceneViewState":{"showFog":true,"showMaterialUpdate":false,"showSkybox":false,"showFlares":true,"showImageEffects":true,"showParticleSystems":true,"showVisualEffectGraphs":true,"m_FxEnabled":true},"in2DMode":true,"pivot":{"x":-0.3813980519771576,"y":0.1359236091375351,"z":-0.027692843228578569},"rotation":{"x":0.0,"y":0.0,"z":0.0,"w":1.0},"size":0.2548917233943939,"orthographic":true}